{
    "asap": {
        "gemma-2B": {
            "pearsonr": [
                -0.36994620616780816,
                7.536563388325819e-69
            ],
            "spearmanr": [
                -0.3318119515642072,
                6.0428891986011544e-55
            ]
        },
        "gpt": {
            "pearsonr": [
                -0.3168488871955565,
                5.299265326806646e-50
            ],
            "spearmanr": [
                -0.3065513055206487,
                9.235747667754374e-47
            ]
        },
        "gpt_large": {
            "pearsonr": [
                -0.44637161098365197,
                5.584055242898901e-103
            ],
            "spearmanr": [
                -0.4209885329668177,
                1.2073204262276258e-90
            ]
        },
        "gpt_xl": {
            "pearsonr": [
                -0.42817831809661966,
                4.946089765222963e-94
            ],
            "spearmanr": [
                -0.401265100560215,
                9.144440326379987e-82
            ]
        },
        "mistral": {
            "pearsonr": [
                -0.42552874847761274,
                8.958285841221267e-93
            ],
            "spearmanr": [
                -0.3861133875353228,
                2.430833265177496e-75
            ]
        },
        "opt-2.7B": {
            "pearsonr": [
                -0.4019593557725426,
                4.5568165793121547e-82
            ],
            "spearmanr": [
                -0.36843732145869323,
                2.9131931855064304e-68
            ]
        },
        "opt_2.7B": {
            "pearsonr": [
                -0.4019593557725426,
                4.5568165793121547e-82
            ],
            "spearmanr": [
                -0.36843732145869323,
                2.9131931855064304e-68
            ]
        },
        "tinyllama": {
            "pearsonr": [
                -0.38996720258104023,
                6.073972032293789e-77
            ],
            "spearmanr": [
                -0.3631794187965302,
                3.062698943964154e-66
            ]
        }
    },
    "bawe": {
        "gemma-2B": {
            "pearsonr": [
                -0.12965604906673173,
                2.0187554676416012e-11
            ],
            "spearmanr": [
                -0.13924772673498692,
                5.788533973181745e-13
            ]
        },
        "gpt": {
            "pearsonr": [
                -0.03617556088977095,
                0.062407716513692736
            ],
            "spearmanr": [
                -0.03141859531176361,
                0.10561339361923651
            ]
        },
        "gpt_large": {
            "pearsonr": [
                -0.10024381975219814,
                2.2807481887676498e-07
            ],
            "spearmanr": [
                -0.10150895930265373,
                1.6013069343899647e-07
            ]
        },
        "gpt_xl": {
            "pearsonr": [
                -0.1055048210913568,
                5.095635259677766e-08
            ],
            "spearmanr": [
                -0.1044981100764352,
                6.826855079591469e-08
            ]
        },
        "mistral": {
            "pearsonr": [
                -0.1679985276553192,
                2.9674118196331713e-18
            ],
            "spearmanr": [
                -0.1641303872302488,
                1.7500772737151757e-17
            ]
        },
        "opt-2.7B": {
            "pearsonr": [
                -0.12640750580422233,
                6.348373759022441e-11
            ],
            "spearmanr": [
                -0.12877584684885535,
                2.7614756830834015e-11
            ]
        },
        "opt_2.7B": {
            "pearsonr": [
                -0.13253002955148452,
                2.1727303587130518e-10
            ],
            "spearmanr": [
                -0.13399116667026448,
                1.3696119762959273e-10
            ]
        },
        "tinyllama": {
            "pearsonr": [
                -0.16006037596021172,
                1.0814831116998406e-16
            ],
            "spearmanr": [
                -0.16157177663054198,
                5.529373675576186e-17
            ]
        }
    }
}